Workbook

Sheet Error Scale
A1: Employment Error Scale | D1: Wage Error Scale
A2: Band | B2: Range | C2: Meaning | D2: Band | E2: Range | F2: Meaning
A3: Low | B3: < 5% | C3: Reliable | D3: Low | E3: < 2% | F3: Reliable
A4: Moderate | B4: 5-8% | C4: Usable, note caveat | D4: Moderate | E4: 2-4% | F4: Usable, note caveat
A5: High | B5: > 8% | C5: Flag/exclude from headline claims | D5: High | E5: > 4% | F5: Flag/exclude from headline claims

Sheet Electrians2023
A1: State Abbr. | B1: State | C1: Total Employment | D1: % error in Total Employment | E1: Employment Error Band | F1: Electricians per 1000 Total Jobs | G1: Average Hourly Wage | H1: Average Annual Wage | I1: % error in Avg Hourly Wage | J1: Wage Error Band | K1: Avg Hourly Wage (Bottom 10%) | L1: Avg Hourly Wage (Bottom 25%) | M1: Median Hourly Wage | N1: Avg Hourly Wage (Top 25%) | O1: Avg Hourly Wage (Top 10%) | P1: Avg Annual Wage (Bottom 10%) | Q1: Avg Annual Wage (Bottom 25%) | R1: Median Annual Wage | S1: Avg Annual Wage (Top 25%) | T1: Avg Annual Wage (Top 10%) | U1: Avg-Median Gap | V1: Avg-Median Gap (% of Median) | W1: Ratio of Top vs Bottom 10% Earners | X1: Flag
A2: AL | B2: Alabama | C2: 10250 | D2: 4.4 | E2: =IF(D2<5,"Low",IF(D2<8,"Moderate","High")) -> Low | F2: 4.991 | G2: 26.2 | H2: 54490 | I2: 1.3 | J2: =IF(I2<2,"Low",IF(I2<4,"Moderate","High")) -> Low | K2: 17.46 | L2: 20.3 | M2: 24.76 | N2: 30.87 | O2: 36.02 | P2: 36310 | Q2: 42220 | R2: 51500 | S2: 64210 | T2: 74920 | U2: =G2-M2 -> 1.44 | V2: =(U2/M2)*100 -> 5.815832 | W2: =O2/K2 -> 2.0630011 | X2: =IF(OR(E2="High",J2="High"),"⚠ Use with caution","OK") -> OK
A3: AK | B3: Alaska | C3: 1620 | D3: 6.5 | E3: =IF(D3<5,"Low",IF(D3<8,"Moderate","High")) -> Moderate | F3: 5.209 | G3: 39.5 | H3: 82160 | I3: 1.6 | J3: =IF(I3<2,"Low",IF(I3<4,"Moderate","High")) -> Low | K3: 23.45 | L3: 29.3 | M3: 39.5 | N3: 46.21 | O3: 56.56 | P3: 48770 | Q3: 60930 | R3: 82160 | S3: 96120 | T3: 117640 | U3: =G3-M3 -> 0 | V3: =(U3/M3)*100 -> 0 | W3: =O3/K3 -> 2.4119403 | X3: =IF(OR(E3="High",J3="High"),"⚠ Use with caution","OK") -> OK
A4: AZ | B4: Arizona | C4: 17640 | D4: 5.2 | E4: =IF(D4<5,"Low",IF(D4<8,"Moderate","High")) -> Moderate | F4: 5.635 | G4: 28.57 | H4: 59420 | I4: 1.1 | J4: =IF(I4<2,"Low",IF(I4<4,"Moderate","High")) -> Low | K4: 18.77 | L4: 22.9 | M4: 29.06 | N4: 32.31 | O4: 37.6 | P4: 39050 | Q4: 47640 | R4: 60440 | S4: 67210 | T4: 78210 | U4: =G4-M4 -> -0.49 | V4: =(U4/M4)*100 -> -1.6861666 | W4: =O4/K4 -> 2.0031966 | X4: =IF(OR(E4="High",J4="High"),"⚠ Use with caution","OK") -> OK
A5: AR | B5: Arkansas | C5: 7650 | D5: 4.1 | E5: =IF(D5<5,"Low",IF(D5<8,"Moderate","High")) -> Low | F5: 6.021 | G5: 23.94 | H5: 49800 | I5: 1.1 | J5: =IF(I5<2,"Low",IF(I5<4,"Moderate","High")) -> Low | K5: 15.63 | L5: 18.16 | M5: 23.31 | N5: 28.4 | O5: 31.77 | P5: 32500 | Q5: 37770 | R5: 48480 | S5: 59070 | T5: 66080 | U5: =G5-M5 -> 0.63 | V5: =(U5/M5)*100 -> 2.7027027 | W5: =O5/K5 -> 2.0326296 | X5: =IF(OR(E5="High",J5="High"),"⚠ Use with caution","OK") -> OK
A6: CA | B6: California | C6: 72880 | D6: 2.7 | E6: =IF(D6<5,"Low",IF(D6<8,"Moderate","High")) -> Low | F6: 4.061 | G6: 40.54 | H6: 84330 | I6: 1.1 | J6: =IF(I6<2,"Low",IF(I6<4,"Moderate","High")) -> Low | K6: 22.39 | L6: 27.95 | M6: 37.25 | N6: 48.78 | O6: 64.11 | P6: 46580 | Q6: 58140 | R6: 77470 | S6: 101470 | T6: 133340 | U6: =G6-M6 -> 3.29 | V6: =(U6/M6)*100 -> 8.8322148 | W6: =O6/K6 -> 2.8633318 | X6: =IF(OR(E6="High",J6="High"),"⚠ Use with caution","OK") -> OK
A7: CO | B7: Colorado | C7: 16110 | D7: 4.9 | E7: =IF(D7<5,"Low",IF(D7<8,"Moderate","High")) -> Low | F7: 5.687 | G7: 30.17 | H7: 62760 | I7: 1.3 | J7: =IF(I7<2,"Low",IF(I7<4,"Moderate","High")) -> Low | K7: 18.83 | L7: 22.92 | M7: 29.25 | N7: 36.81 | O7: 40.75 | P7: 39170 | Q7: 47670 | R7: 60850 | S7: 76560 | T7: 84760 | U7: =G7-M7 -> 0.92 | V7: =(U7/M7)*100 -> 3.1452991 | W7: =O7/K7 -> 2.1640998 | X7: =IF(OR(E7="High",J7="High"),"⚠ Use with caution","OK") -> OK
A8: CT | B8: Connecticut | C8: 7230 | D8: 4 | E8: =IF(D8<5,"Low",IF(D8<8,"Moderate","High")) -> Low | F8: 4.354 | G8: 33.18 | H8: 69010 | I8: 1.5 | J8: =IF(I8<2,"Low",IF(I8<4,"Moderate","High")) -> Low | K8: 19.48 | L8: 24.82 | M8: 34.38 | N8: 37.4 | O8: 45.43 | P8: 40520 | Q8: 51620 | R8: 71500 | S8: 77790 | T8: 94500 | U8: =G8-M8 -> -1.2 | V8: =(U8/M8)*100 -> -3.4904014 | W8: =O8/K8 -> 2.3321355 | X8: =IF(OR(E8="High",J8="High"),"⚠ Use with caution","OK") -> OK
A9: DE | B9: Delaware | C9: 2420 | D9: 6.6 | E9: =IF(D9<5,"Low",IF(D9<8,"Moderate","High")) -> Moderate | F9: 5.157 | G9: 30.93 | H9: 64340 | I9: 3.2 | J9: =IF(I9<2,"Low",IF(I9<4,"Moderate","High")) -> Moderate | K9: 18 | L9: 22.7 | M9: 29.32 | N9: 37.52 | O9: 48.31 | P9: 37450 | Q9: 47220 | R9: 60990 | S9: 78030 | T9: 100470 | U9: =G9-M9 -> 1.61 | V9: =(U9/M9)*100 -> 5.4911323 | W9: =O9/K9 -> 2.6838889 | X9: =IF(OR(E9="High",J9="High"),"⚠ Use with caution","OK") -> OK
A10: FL | B10: Florida | C10: 46690 | D10: 3.1 | E10: =IF(D10<5,"Low",IF(D10<8,"Moderate","High")) -> Low | F10: 4.88 | G10: 25.18 | H10: 52380 | I10: 0.7 | J10: =IF(I10<2,"Low",IF(I10<4,"Moderate","High")) -> Low | K10: 18.03 | L10: 21.78 | M10: 24.1 | N10: 28.45 | O10: 31.09 | P10: 37490 | Q10: 45300 | R10: 50120 | S10: 59180 | T10: 64660 | U10: =G10-M10 -> 1.08 | V10: =(U10/M10)*100 -> 4.4813278 | W10: =O10/K10 -> 1.7243483 | X10: =IF(OR(E10="High",J10="High"),"⚠ Use with caution","OK") -> OK
A11: GA | B11: Georgia | C11: 21010 | D11: 3.3 | E11: =IF(D11<5,"Low",IF(D11<8,"Moderate","High")) -> Low | F11: 4.415 | G11: 27.85 | H11: 57930 | I11: 1 | J11: =IF(I11<2,"Low",IF(I11<4,"Moderate","High")) -> Low | K11: 17.75 | L11: 21.97 | M11: 26.59 | N11: 33.34 | O11: 38.47 | P11: 36920 | Q11: 45700 | R11: 55300 | S11: 69350 | T11: 80020 | U11: =G11-M11 -> 1.26 | V11: =(U11/M11)*100 -> 4.7386235 | W11: =O11/K11 -> 2.1673239 | X11: =IF(OR(E11="High",J11="High"),"⚠ Use with caution","OK") -> OK
A12: HI | B12: Hawaii | C12: 3300 | D12: 6.1 | E12: =IF(D12<5,"Low",IF(D12<8,"Moderate","High")) -> Moderate | F12: 5.351 | G12: 42.44 | H12: 88280 | I12: 1.7 | J12: =IF(I12<2,"Low",IF(I12<4,"Moderate","High")) -> Low | K12: 21.2 | L12: 31.06 | M12: 44.59 | N12: 54.19 | O12: 57 | P12: 44100 | Q12: 64600 | R12: 92750 | S12: 112710 | T12: 118560 | U12: =G12-M12 -> -2.15 | V12: =(U12/M12)*100 -> -4.8217089 | W12: =O12/K12 -> 2.6886792 | X12: =IF(OR(E12="High",J12="High"),"⚠ Use with caution","OK") -> OK
A13: ID | B13: Idaho | C13: 5050 | D13: 4.2 | E13: =IF(D13<5,"Low",IF(D13<8,"Moderate","High")) -> Low | F13: 6.138 | G13: 26.56 | H13: 55240 | I13: 1.1 | J13: =IF(I13<2,"Low",IF(I13<4,"Moderate","High")) -> Low | K13: 18.2 | L13: 19.41 | M13: 23.71 | N13: 31.95 | O13: 37.4 | P13: 37860 | Q13: 40360 | R13: 49310 | S13: 66450 | T13: 77800 | U13: =G13-M13 -> 2.85 | V13: =(U13/M13)*100 -> 12.020245 | W13: =O13/K13 -> 2.0549451 | X13: =IF(OR(E13="High",J13="High"),"⚠ Use with caution","OK") -> OK
... A51: WY | B51: Wyoming | C51: 2370 | D51: 5.3 | E51: =IF(D51<5,"Low",IF(D51<8,"Moderate","High")) -> Moderate | F51: 8.672 | G51: 32.69 | H51: 68000 | I51: 1.1 | J51: =IF(I51<2,"Low",IF(I51<4,"Moderate","High")) -> Low | K51: 19.48 | L51: 24.25 | M51: 30.98 | N51: 37.87 | O51: 48.54 | P51: 40510 | Q51: 50440 | R51: 64440 | S51: 78770 | T51: 100950 | U51: =G51-M51 -> 1.71 | V51: =(U51/M51)*100 -> 5.5196901 | W51: =O51/K51 -> 2.4917864 | X51: =IF(OR(E51="High",J51="High"),"⚠ Use with caution","OK") -> OK
C53: =MAX(C2:C51) -> 72880 | D53: =MAX(D2:D51) -> 6.6 | I53: =MAX(I2:I51) -> 3.2
C54: =MIN(C2:C51) -> 1240 | D54: =MIN(D2:D51) -> 1.9 | I54: =MIN(I2:I51) -> 0.7

Sheet Electrians2024
A1: State Abbr. | B1: State | C1: Total Employment | D1: % error in Total Employment | E1: Employment Error Band | F1: Electricians per 1000 Total Jobs | G1: Average Hourly Wage | H1: Average Annual Wage | I1: % error in Avg Hourly Wage | J1: Wage Error Band | K1: Avg Hourly Wage (Bottom 10%) | L1: Avg Hourly Wage (Bottom 25%) | M1: Median Hourly Wage | N1: Avg Hourly Wage (Top 25%) | O1: Avg Hourly Wage (Top 10%) | P1: Avg Annual Wage (Bottom 10%) | Q1: Avg Annual Wage (Bottom 25%) | R1: Median Annual Wage | S1: Avg Annual Wage (Top 25%) | T1: Avg Annual Wage (Top 10%) | U1: Avg-Median Gap | V1: Avg-Median Gap (% of Median) | W1: Ratio of Top vs Bottom 10% Earners | X1: Flag
A2: AL | B2: Alabama | C2: 9740 | D2: 3.8 | E2: =IF(D2<5,"Low",IF(D2<8,"Moderate","High")) -> Low | F2: 4.659 | G2: 27.09 | H2: 56340 | I2: 1.4 | J2: =IF(I2<2,"Low",IF(I2<4,"Moderate","High")) -> Low | K2: 17.82 | L2: 21.47 | M2: 25.2 | N2: 30.64 | O2: 36.73 | P2: 37060 | Q2: 44670 | R2: 52420 | S2: 63730 | T2: 76390 | U2: =G2-M2 -> 1.89 | V2: =(U2/M2)*100 -> 7.5 | W2: =O2/K2 -> 2.0611672 | X2: =IF(OR(E2="High",J2="High"),"⚠ Use with caution","OK") -> OK
A3: AK | B3: Alaska | C3: 1820 | D3: 7.7 | E3: =IF(D3<5,"Low",IF(D3<8,"Moderate","High")) -> Moderate | F3: 5.662 | G3: 40.15 | H3: 83520 | I3: 1.8 | J3: =IF(I3<2,"Low",IF(I3<4,"Moderate","High")) -> Low | K3: 23.95 | L3: 29.38 | M3: 39.36 | N3: 47.47 | O3: 55.04 | P3: 49820 | Q3: 61110 | R3: 81860 | S3: 98740 | T3: 114480 | U3: =G3-M3 -> 0.79 | V3: =(U3/M3)*100 -> 2.0071138 | W3: =O3/K3 -> 2.2981211 | X3: =IF(OR(E3="High",J3="High"),"⚠ Use with caution","OK") -> OK
A4: AZ | B4: Arizona | C4: 21280 | D4: 6.2 | E4: =IF(D4<5,"Low",IF(D4<8,"Moderate","High")) -> Moderate | F4: 6.657 | G4: 29.58 | H4: 61520 | I4: 1.4 | J4: =IF(I4<2,"Low",IF(I4<4,"Moderate","High")) -> Low | K4: 21.27 | L4: 23.32 | M4: 28.6 | N4: 35.13 | O4: 39.12 | P4: 44240 | Q4: 48510 | R4: 59480 | S4: 73060 | T4: 81370 | U4: =G4-M4 -> 0.98 | V4: =(U4/M4)*100 -> 3.4265734 | W4: =O4/K4 -> 1.8392102 | X4: =IF(OR(E4="High",J4="High"),"⚠ Use with caution","OK") -> OK
A5: AR | B5: Arkansas | C5: 8670 | D5: 4.9 | E5: =IF(D5<5,"Low",IF(D5<8,"Moderate","High")) -> Low | F5: 6.728 | G5: 25.41 | H5: 52860 | I5: 1.4 | J5: =IF(I5<2,"Low",IF(I5<4,"Moderate","High")) -> Low | K5: 17.06 | L5: 18.49 | M5: 23.76 | N5: 29.82 | O5: 35.13 | P5: 35490 | Q5: 38470 | R5: 49420 | S5: 62030 | T5: 73060 | U5: =G5-M5 -> 1.65 | V5: =(U5/M5)*100 -> 6.9444444 | W5: =O5/K5 -> 2.0592028 | X5: =IF(OR(E5="High",J5="High"),"⚠ Use with caution","OK") -> OK
A6: CA | B6: California | C6: 73420 | D6: 3 | E6: =IF(D6<5,"Low",IF(D6<8,"Moderate","High")) -> Low | F6: 4.066 | G6: 41.24 | H6: 85780 | I6: 2.1 | J6: =IF(I6<2,"Low",IF(I6<4,"Moderate","High")) -> Moderate | K6: 22.42 | L6: 28.57 | M6: 36.8 | N6: 49.87 | O6: 65.73 | P6: 46630 | Q6: 59420 | R6: 76540 | S6: 103720 | T6: 136710 | U6: =G6-M6 -> 4.44 | V6: =(U6/M6)*100 -> 12.065217 | W6: =O6/K6 -> 2.9317574 | X6: =IF(OR(E6="High",J6="High"),"⚠ Use with caution","OK") -> OK
A7: CO | B7: Colorado | C7: 17140 | D7: 4.5 | E7: =IF(D7<5,"Low",IF(D7<8,"Moderate","High")) -> Low | F7: 5.929 | G7: 31.07 | H7: 64620 | I7: 1.1 | J7: =IF(I7<2,"Low",IF(I7<4,"Moderate","High")) -> Low | K7: 20.37 | L7: 23.25 | M7: 29.85 | N7: 37.23 | O7: 43.33 | P7: 42360 | Q7: 48350 | R7: 62090 | S7: 77440 | T7: 90120 | U7: =G7-M7 -> 1.22 | V7: =(U7/M7)*100 -> 4.0871022 | W7: =O7/K7 -> 2.1271478 | X7: =IF(OR(E7="High",J7="High"),"⚠ Use with caution","OK") -> OK
A8: CT | B8: Connecticut | C8: 7570 | D8: 5.3 | E8: =IF(D8<5,"Low",IF(D8<8,"Moderate","High")) -> Moderate | F8: 4.5 | G8: 35.66 | H8: 74170 | I8: 1.7 | J8: =IF(I8<2,"Low",IF(I8<4,"Moderate","High")) -> Low | K8: 22.51 | L8: 29.7 | M8: 36.92 | N8: 43.14 | O8: 47.76 | P8: 46810 | Q8: 61770 | R8: 76790 | S8: 89740 | T8: 99340 | U8: =G8-M8 -> -1.26 | V8: =(U8/M8)*100 -> -3.4127844 | W8: =O8/K8 -> 2.1217237 | X8: =IF(OR(E8="High",J8="High"),"⚠ Use with caution","OK") -> OK
A9: DE | B9: Delaware | C9: 2220 | D9: 8.7 | E9: =IF(D9<5,"Low",IF(D9<8,"Moderate","High")) -> High | F9: 4.662 | G9: 32.64 | H9: 67900 | I9: 3.8 | J9: =IF(I9<2,"Low",IF(I9<4,"Moderate","High")) -> Moderate | K9: 18.62 | L9: 23.87 | M9: 30.28 | N9: 37.66 | O9: 50.53 | P9: 38730 | Q9: 49650 | R9: 62970 | S9: 78340 | T9: 105110 | U9: =G9-M9 -> 2.36 | V9: =(U9/M9)*100 -> 7.7939234 | W9: =O9/K9 -> 2.7137487 | X9: =IF(OR(E9="High",J9="High"),"⚠ Use with caution","OK") -> ⚠ Use with caution
A10: FL | B10: Florida | C10: 47980 | D10: 4.2 | E10: =IF(D10<5,"Low",IF(D10<8,"Moderate","High")) -> Low | F10: 4.886 | G10: 26.68 | H10: 55490 | I10: 1 | J10: =IF(I10<2,"Low",IF(I10<4,"Moderate","High")) -> Low | K10: 18.22 | L10: 22.54 | M10: 25.53 | N10: 29.34 | O10: 34.58 | P10: 37890 | Q10: 46880 | R10: 53100 | S10: 61040 | T10: 71920 | U10: =G10-M10 -> 1.15 | V10: =(U10/M10)*100 -> 4.5045045 | W10: =O10/K10 -> 1.8979144 | X10: =IF(OR(E10="High",J10="High"),"⚠ Use with caution","OK") -> OK
A11: GA | B11: Georgia | C11: 20740 | D11: 4.2 | E11: =IF(D11<5,"Low",IF(D11<8,"Moderate","High")) -> Low | F11: 4.27 | G11: 29.61 | H11: 61590 | I11: 1.4 | J11: =IF(I11<2,"Low",IF(I11<4,"Moderate","High")) -> Low | K11: 17.94 | L11: 22.55 | M11: 28.3 | N11: 36.69 | O11: 41.65 | P11: 37320 | Q11: 46900 | R11: 58860 | S11: 76310 | T11: 86640 | U11: =G11-M11 -> 1.31 | V11: =(U11/M11)*100 -> 4.6289753 | W11: =O11/K11 -> 2.3216276 | X11: =IF(OR(E11="High",J11="High"),"⚠ Use with caution","OK") -> OK
A12: HI | B12: Hawaii | C12: 3020 | D12: 11.9 | E12: =IF(D12<5,"Low",IF(D12<8,"Moderate","High")) -> High | F12: 4.866 | G12: 41.68 | H12: 86690 | I12: 4.6 | J12: =IF(I12<2,"Low",IF(I12<4,"Moderate","High")) -> High | K12: 21.14 | L12: 28.82 | M12: 40 | N12: 55.74 | O12: 58.2 | P12: 43960 | Q12: 59940 | R12: 83200 | S12: 115930 | T12: 121050 | U12: =G12-M12 -> 1.68 | V12: =(U12/M12)*100 -> 4.2 | W12: =O12/K12 -> 2.7530747 | X12: =IF(OR(E12="High",J12="High"),"⚠ Use with caution","OK") -> ⚠ Use with caution
A13: ID | B13: Idaho | C13: 5380 | D13: 5.8 | E13: =IF(D13<5,"Low",IF(D13<8,"Moderate","High")) -> Moderate | F13: 6.373 | G13: 29.89 | H13: 62180 | I13: 1.6 | J13: =IF(I13<2,"Low",IF(I13<4,"Moderate","High")) -> Low | K13: 18.38 | L13: 22.51 | M13: 29.17 | N13: 37.22 | O13: 43.22 | P13: 38220 | Q13: 46820 | R13: 60670 | S13: 77420 | T13: 89890 | U13: =G13-M13 -> 0.72 | V13: =(U13/M13)*100 -> 2.4682893 | W13: =O13/K13 -> 2.351469 | X13: =IF(OR(E13="High",J13="High"),"⚠ Use with caution","OK") -> OK
... A51: WY | B51: Wyoming | C51: 2710 | D51: 6.7 | E51: =IF(D51<5,"Low",IF(D51<8,"Moderate","High")) -> Moderate | F51: 9.737 | G51: 34.74 | H51: 72260 | I51: 1.7 | J51: =IF(I51<2,"Low",IF(I51<4,"Moderate","High")) -> Low | K51: 23.06 | L51: 27.4 | M51: 35.31 | N51: 39.74 | O51: 50.65 | P51: 47960 | Q51: 56980 | R51: 73450 | S51: 82670 | T51: 105350 | U51: =G51-M51 -> -0.57 | V51: =(U51/M51)*100 -> -1.6142736 | W51: =O51/K51 -> 2.1964441 | X51: =IF(OR(E51="High",J51="High"),"⚠ Use with caution","OK") -> OK
C53: =MAX(C2:C51) -> 73420 | D53: =MAX(D2:D51) -> 11.9 | I53: =MAX(I2:I51) -> 4.6
C54: =MIN(C2:C51) -> 1410 | D54: =MIN(D2:D51) -> 2.4 | I54: =MIN(I2:I51) -> 0.8

Sheet Electricians2025
A1: State Abbr. | B1: State | C1: Total Employment | D1: % error in Total Employment | E1: Employment Error Band | F1: Electricians per 1000 Total Jobs | G1: Average Hourly Wage | H1: Average Annual Wage | I1: % error in Avg Hourly Wage | J1: Wage Error Band | K1: Avg Hourly Wage (Bottom 10%) | L1: Avg Hourly Wage (Bottom 25%) | M1: Median Hourly Wage | N1: Avg Hourly Wage (Top 25%) | O1: Avg Hourly Wage (Top 10%) | P1: Avg Annual Wage (Bottom 10%) | Q1: Avg Annual Wage (Bottom 25%) | R1: Median Annual Wage | S1: Avg Annual Wage (Top 25%) | T1: Avg Annual Wage (Top 10%) | U1: Avg-Median Gap | V1: Avg-Median Gap (% of Median) | W1: Ratio of Top vs Bottom 10% Earners | X1: Flag
A2: AL | B2: Alabama | C2: 10900 | D2: 4.6 | E2: =IF(D2<5,"Low",IF(D2<8,"Moderate","High")) -> Low | F2: 5.155 | G2: 27.65 | H2: 57510 | I2: 1.4 | J2: =IF(I2<2,"Low",IF(I2<4,"Moderate","High")) -> Low | K2: 18.09 | L2: 22.17 | M2: 26.78 | N2: 30.98 | O2: 37.61 | P2: 37640 | Q2: 46120 | R2: 55690 | S2: 64450 | T2: 78230 | U2: =G2-M2 -> 0.87 | V2: =(U2/M2)*100 -> 3.2486931 | W2: =O2/K2 -> 2.0790492 | X2: =IF(OR(E2="High",J2="High"),"⚠ Use with caution","OK") -> OK
A3: AK | B3: Alaska | C3: 1870 | D3: 6 | E3: =IF(D3<5,"Low",IF(D3<8,"Moderate","High")) -> Moderate | F3: 5.729 | G3: 43.29 | H3: 90040 | I3: 1.3 | J3: =IF(I3<2,"Low",IF(I3<4,"Moderate","High")) -> Low | K3: 28.09 | L3: 32.11 | M3: 43 | N3: 50.75 | O3: 59.23 | P3: 58420 | Q3: 66780 | R3: 89440 | S3: 105550 | T3: 123200 | U3: =G3-M3 -> 0.29 | V3: =(U3/M3)*100 -> 0.6744186 | W3: =O3/K3 -> 2.1085796 | X3: =IF(OR(E3="High",J3="High"),"⚠ Use with caution","OK") -> OK
A4: AZ | B4: Arizona | C4: 21140 | D4: 5.3 | E4: =IF(D4<5,"Low",IF(D4<8,"Moderate","High")) -> Moderate | F4: 6.526 | G4: 30.88 | H4: 64220 | I4: 2 | J4: =IF(I4<2,"Low",IF(I4<4,"Moderate","High")) -> Moderate | K4: 21.89 | L4: 23.25 | M4: 29.36 | N4: 37.05 | O4: 43.08 | P4: 45540 | Q4: 48360 | R4: 61060 | S4: 77060 | T4: 89600 | U4: =G4-M4 -> 1.52 | V4: =(U4/M4)*100 -> 5.1771117 | W4: =O4/K4 -> 1.9680219 | X4: =IF(OR(E4="High",J4="High"),"⚠ Use with caution","OK") -> OK
A5: AR | B5: Arkansas | C5: 7500 | D5: 5.9 | E5: =IF(D5<5,"Low",IF(D5<8,"Moderate","High")) -> Moderate | F5: 5.753 | G5: 25.71 | H5: 53470 | I5: 1.6 | J5: =IF(I5<2,"Low",IF(I5<4,"Moderate","High")) -> Low | K5: 16.79 | L5: 18.54 | M5: 23.59 | N5: 29.99 | O5: 35.8 | P5: 34910 | Q5: 38550 | R5: 49070 | S5: 62380 | T5: 74460 | U5: =G5-M5 -> 2.12 | V5: =(U5/M5)*100 -> 8.9868588 | W5: =O5/K5 -> 2.1322216 | X5: =IF(OR(E5="High",J5="High"),"⚠ Use with caution","OK") -> OK
A6: CA | B6: California | C6: 73310 | D6: 2.7 | E6: =IF(D6<5,"Low",IF(D6<8,"Moderate","High")) -> Low | F6: 4.025 | G6: 41.28 | H6: 85860 | I6: 1.8 | J6: =IF(I6<2,"Low",IF(I6<4,"Moderate","High")) -> Low | K6: 22.5 | L6: 28.5 | M6: 36.62 | N6: 49.52 | O6: 67.47 | P6: 46800 | Q6: 59280 | R6: 76160 | S6: 103000 | T6: 140340 | U6: =G6-M6 -> 4.66 | V6: =(U6/M6)*100 -> 12.725287 | W6: =O6/K6 -> 2.9986667 | X6: =IF(OR(E6="High",J6="High"),"⚠ Use with caution","OK") -> OK
A7: CO | B7: Colorado | C7: 17010 | D7: 3.7 | E7: =IF(D7<5,"Low",IF(D7<8,"Moderate","High")) -> Low | F7: 5.92 | G7: 31.88 | H7: 66310 | I7: 1.1 | J7: =IF(I7<2,"Low",IF(I7<4,"Moderate","High")) -> Low | K7: 21.88 | L7: 23.5 | M7: 29.92 | N7: 37.73 | O7: 45.27 | P7: 45520 | Q7: 48880 | R7: 62230 | S7: 78470 | T7: 94160 | U7: =G7-M7 -> 1.96 | V7: =(U7/M7)*100 -> 6.5508021 | W7: =O7/K7 -> 2.0690128 | X7: =IF(OR(E7="High",J7="High"),"⚠ Use with caution","OK") -> OK
A8: CT | B8: Connecticut | C8: 7710 | D8: 5 | E8: =IF(D8<5,"Low",IF(D8<8,"Moderate","High")) -> Moderate | F8: 4.546 | G8: 37.21 | H8: 77390 | I8: 2.8 | J8: =IF(I8<2,"Low",IF(I8<4,"Moderate","High")) -> Moderate | K8: 22.92 | L8: 27.91 | M8: 37.28 | N8: 45.71 | O8: 50.13 | P8: 47680 | Q8: 58060 | R8: 77540 | S8: 95070 | T8: 104280 | U8: =G8-M8 -> -0.07 | V8: =(U8/M8)*100 -> -0.18776824 | W8: =O8/K8 -> 2.1871728 | X8: =IF(OR(E8="High",J8="High"),"⚠ Use with caution","OK") -> OK
A9: DE | B9: Delaware | C9: 2260 | D9: 5.6 | E9: =IF(D9<5,"Low",IF(D9<8,"Moderate","High")) -> Moderate | F9: 4.657 | G9: 34.02 | H9: 70750 | I9: 3.8 | J9: =IF(I9<2,"Low",IF(I9<4,"Moderate","High")) -> Moderate | K9: 18.4 | L9: 23.1 | M9: 30.63 | N9: 43.52 | O9: 50.64 | P9: 38280 | Q9: 48040 | R9: 63700 | S9: 90510 | T9: 105340 | U9: =G9-M9 -> 3.39 | V9: =(U9/M9)*100 -> 11.067581 | W9: =O9/K9 -> 2.7521739 | X9: =IF(OR(E9="High",J9="High"),"⚠ Use with caution","OK") -> OK
A10: FL | B10: Florida | C10: 49700 | D10: 4.3 | E10: =IF(D10<5,"Low",IF(D10<8,"Moderate","High")) -> Low | F10: 5.005 | G10: 27.72 | H10: 57660 | I10: 0.9 | J10: =IF(I10<2,"Low",IF(I10<4,"Moderate","High")) -> Low | K10: 18.36 | L10: 22.91 | M10: 27.52 | N10: 29.76 | O10: 37.1 | P10: 38190 | Q10: 47660 | R10: 57250 | S10: 61900 | T10: 77180 | U10: =G10-M10 -> 0.2 | V10: =(U10/M10)*100 -> 0.72674419 | W10: =O10/K10 -> 2.0206972 | X10: =IF(OR(E10="High",J10="High"),"⚠ Use with caution","OK") -> OK
A11: GA | B11: Georgia | C11: 21650 | D11: 3.6 | E11: =IF(D11<5,"Low",IF(D11<8,"Moderate","High")) -> Low | F11: 4.428 | G11: 29.37 | H11: 61090 | I11: 1.4 | J11: =IF(I11<2,"Low",IF(I11<4,"Moderate","High")) -> Low | K11: 17.88 | L11: 22.43 | M11: 28.04 | N11: 36.77 | O11: 40.39 | P11: 37180 | Q11: 46640 | R11: 58320 | S11: 76490 | T11: 84000 | U11: =G11-M11 -> 1.33 | V11: =(U11/M11)*100 -> 4.743224 | W11: =O11/K11 -> 2.2589485 | X11: =IF(OR(E11="High",J11="High"),"⚠ Use with caution","OK") -> OK
A12: HI | B12: Hawaii | C12: 3070 | D12: 12.7 | E12: =IF(D12<5,"Low",IF(D12<8,"Moderate","High")) -> High | F12: 4.899 | G12: 44.65 | H12: 92870 | I12: 3.1 | J12: =IF(I12<2,"Low",IF(I12<4,"Moderate","High")) -> Moderate | K12: 21.99 | L12: 33.88 | M12: 46.38 | N12: 58.05 | O12: 59.9 | P12: 45730 | Q12: 70460 | R12: 96460 | S12: 120740 | T12: 124590 | U12: =G12-M12 -> -1.73 | V12: =(U12/M12)*100 -> -3.7300561 | W12: =O12/K12 -> 2.7239654 | X12: =IF(OR(E12="High",J12="High"),"⚠ Use with caution","OK") -> ⚠ Use with caution
A13: ID | B13: Idaho | C13: 5690 | D13: 6.4 | E13: =IF(D13<5,"Low",IF(D13<8,"Moderate","High")) -> Moderate | F13: 6.641 | G13: 32.02 | H13: 66600 | I13: 1.5 | J13: =IF(I13<2,"Low",IF(I13<4,"Moderate","High")) -> Low | K13: 18.67 | L13: 23.26 | M13: 30.29 | N13: 39.44 | O13: 45.9 | P13: 38830 | Q13: 48380 | R13: 63000 | S13: 82040 | T13: 95470 | U13: =G13-M13 -> 1.73 | V13: =(U13/M13)*100 -> 5.7114559 | W13: =O13/K13 -> 2.4584896 | X13: =IF(OR(E13="High",J13="High"),"⚠ Use with caution","OK") -> OK
... A51: WY | B51: Wyoming | C51: 2960 | D51: 4.8 | E51: =IF(D51<5,"Low",IF(D51<8,"Moderate","High")) -> Low | F51: 10.537 | G51: 35.99 | H51: 74860 | I51: 1.6 | J51: =IF(I51<2,"Low",IF(I51<4,"Moderate","High")) -> Low | K51: 23.19 | L51: 28.69 | M51: 36.59 | N51: 41.33 | O51: 50 | P51: 48240 | Q51: 59670 | R51: 76120 | S51: 85960 | T51: 104000 | U51: =G51-M51 -> -0.6 | V51: =(U51/M51)*100 -> -1.6397923 | W51: =O51/K51 -> 2.1561018 | X51: =IF(OR(E51="High",J51="High"),"⚠ Use with caution","OK") -> OK
C53: =MAX(C2:C51) -> 76770 | D53: =MAX(D2:D51) -> 12.7 | I53: =MAX(I2:I51) -> 7.4
C54: =MIN(C2:C51) -> 1270 | D54: =MIN(D2:D51) -> 2.2 | I54: =MIN(I2:I51) -> 0.8

Sheet % Change in Median Hourly Wages
B1: 2023 | C1: 2024 | D1: 2025
A2: State | B2: Median Hourly Wage | C2: Median Hourly Wage | D2: Median Hourly Wage | E2: Total % change (2023 - > 2025) | F2: Compound Annual Growth Rate (CAGR)
A3: Idaho | B3: 23.71 | C3: 29.17 | D3: 30.29 | E3: =((D3-B3)/B3)*100 -> 27.752003 | F3: =(D3/B3)^(1/2) - 1 -> 0.13027432
A4: Nevada | B4: 29.07 | C4: 31.22 | D4: 35.37 | E4: =((D4-B4)/B4)*100 -> 21.671827 | F4: =(D4/B4)^(1/2) - 1 -> 0.10304953
A5: Maine | B5: 29.79 | C5: 32.61 | D5: 36.24 | E5: =((D5-B5)/B5)*100 -> 21.651561 | F5: =(D5/B5)^(1/2) - 1 -> 0.10295766
A6: Michigan | B6: 30.28 | C6: 34.94 | D6: 36.67 | E6: =((D6-B6)/B6)*100 -> 21.103038 | F6: =(D6/B6)^(1/2) - 1 -> 0.10046826
A7: Montana | B7: 31.05 | C7: 33.16 | D7: 36.9 | E7: =((D7-B7)/B7)*100 -> 18.84058 | F7: =(D7/B7)^(1/2) - 1 -> 0.090140265
A8: Wyoming | B8: 30.98 | C8: 35.31 | D8: 36.59 | E8: =((D8-B8)/B8)*100 -> 18.108457 | F8: =(D8/B8)^(1/2) - 1 -> 0.086777149
A9: Maryland | B9: 30.3 | C9: 31.56 | D9: 35.33 | E9: =((D9-B9)/B9)*100 -> 16.60066 | F9: =(D9/B9)^(1/2) - 1 -> 0.079817855
A10: Washington | B10: 39.44 | C10: 46.41 | D10: 45.78 | E10: =((D10-B10)/B10)*100 -> 16.075051 | F10: =(D10/B10)^(1/2) - 1 -> 0.077381319
A11: Florida | B11: 24.1 | C11: 25.53 | D11: 27.52 | E11: =((D11-B11)/B11)*100 -> 14.190871 | F11: =(D11/B11)^(1/2) - 1 -> 0.068601288
A12: Oregon | B12: 42.68 | C12: 46.79 | D12: 48.71 | E12: =((D12-B12)/B12)*100 -> 14.128397 | F12: =(D12/B12)^(1/2) - 1 -> 0.068308932
A13: New Jersey | B13: 32.81 | C13: 35.14 | D13: 37.14 | E13: =((D13-B13)/B13)*100 -> 13.197196 | F13: =(D13/B13)^(1/2) - 1 -> 0.063941709
A14: South Carolina | B14: 24.98 | C14: 28.01 | D14: 28.24 | E14: =((D14-B14)/B14)*100 -> 13.05044 | F14: =(D14/B14)^(1/2) - 1 -> 0.063251806
... A52: North Dakota | B52: 36.6 | C52: 31.65 | D52: 31.59 | E52: =((D52-B52)/B52)*100 -> -13.688525 | F52: =(D52/B52)^(1/2) - 1 -> -0.070960305

Sheet % Change in Avg Hourly Wages
B1: 2023 | E1: 2024 | H1: 2025
A2: State | B2: Average Hourly Wage | C2: Avg Hourly Wage (Bottom 10%) | D2: Avg Hourly Wage (Top 10%) | E2: Average Hourly Wage | F2: Avg Hourly Wage (Bottom 10%) | G2: Avg Hourly Wage (Top 10%) | H2: Average Hourly Wage | I2: Avg Hourly Wage (Bottom 10%) | J2: Avg Hourly Wage (Top 10%) | K2: Total % change (2023 - > 2024) | L2: Total % change (2024 - > 2025) | M2: Total % change (2023 - > 2025) | N2: Total % change Top10 (2023 - > 2025) | O2: Total % change Bottom10 (2023 - > 2025) | P2: Compound Annual Growth Rate (CAGR)
A3: Vermont | B3: 27.02 | C3: 18.15 | D3: 36.35 | E3: 29.43 | F3: 18.81 | G3: 38.2 | H3: 35.27 | I3: 22.82 | J3: 63.5 | K3: =((E3-B3)/B3)*100 -> 8.919319 | L3: =((H3-E3)/E3)*100 -> 19.843697 | M3: =((H3-B3)/B3)*100 -> 30.532939 | N3: =((J3-D3)/D3)*100 -> 74.690509 | O3: =((I3-C3)/C3)*100 -> 25.730028 | P3: =(H3/B3)^(1/2) - 1 -> 0.14251012
A4: Idaho | B4: 26.56 | C4: 18.2 | D4: 37.4 | E4: 29.89 | F4: 18.38 | G4: 43.22 | H4: 32.02 | I4: 18.67 | J4: 45.9 | K4: =((E4-B4)/B4)*100 -> 12.537651 | L4: =((H4-E4)/E4)*100 -> 7.1261291 | M4: =((H4-B4)/B4)*100 -> 20.557229 | N4: =((J4-D4)/D4)*100 -> 22.727273 | O4: =((I4-C4)/C4)*100 -> 2.5824176 | P4: =(H4/B4)^(1/2) - 1 -> 0.09798556
A5: Maine | B5: 31.21 | C5: 22.78 | D5: 38.47 | E5: 34.36 | F5: 25.29 | G5: 45.33 | H5: 37.14 | I5: 26.05 | J5: 55.63 | K5: =((E5-B5)/B5)*100 -> 10.092919 | L5: =((H5-E5)/E5)*100 -> 8.0908033 | M5: =((H5-B5)/B5)*100 -> 19.00032 | N5: =((J5-D5)/D5)*100 -> 44.606187 | O5: =((I5-C5)/C5)*100 -> 14.354697 | P5: =(H5/B5)^(1/2) - 1 -> 0.09087268
A6: Oregon | B6: 41.03 | C6: 23.52 | D6: 53.77 | E6: 44.21 | F6: 24.88 | G6: 58.12 | H6: 47.96 | I6: 28.63 | J6: 63.24 | K6: =((E6-B6)/B6)*100 -> 7.7504265 | L6: =((H6-E6)/E6)*100 -> 8.4822438 | M6: =((H6-B6)/B6)*100 -> 16.89008 | N6: =((J6-D6)/D6)*100 -> 17.612051 | O6: =((I6-C6)/C6)*100 -> 21.72619 | P6: =(H6/B6)^(1/2) - 1 -> 0.08115716
A7: Connecticut | B7: 33.18 | C7: 19.48 | D7: 45.43 | E7: 35.66 | F7: 22.51 | G7: 47.76 | H7: 37.21 | I7: 22.92 | J7: 50.13 | K7: =((E7-B7)/B7)*100 -> 7.4743822 | L7: =((H7-E7)/E7)*100 -> 4.3466068 | M7: =((H7-B7)/B7)*100 -> 12.145871 | N7: =((J7-D7)/D7)*100 -> 10.345587 | O7: =((I7-C7)/C7)*100 -> 17.659138 | P7: =(H7/B7)^(1/2) - 1 -> 0.058989476
A8: Michigan | B8: 31.67 | C8: 18.35 | D8: 45.31 | E8: 34.17 | F8: 18.79 | G8: 48.75 | H8: 35.5 | I8: 20.66 | J8: 49.58 | K8: =((E8-B8)/B8)*100 -> 7.8939059 | L8: =((H8-E8)/E8)*100 -> 3.8923032 | M8: =((H8-B8)/B8)*100 -> 12.093464 | N8: =((J8-D8)/D8)*100 -> 9.4239682 | O8: =((I8-C8)/C8)*100 -> 12.588556 | P8: =(H8/B8)^(1/2) - 1 -> 0.058742008
A9: Kansas | B9: 29.85 | C9: 17.92 | D9: 42.75 | E9: 31.48 | F9: 18.21 | G9: 45.39 | H9: 33.27 | I9: 20.51 | J9: 46.55 | K9: =((E9-B9)/B9)*100 -> 5.4606365 | L9: =((H9-E9)/E9)*100 -> 5.6861499 | M9: =((H9-B9)/B9)*100 -> 11.457286 | N9: =((J9-D9)/D9)*100 -> 8.8888889 | O9: =((I9-C9)/C9)*100 -> 14.453125 | P9: =(H9/B9)^(1/2) - 1 -> 0.05573333
A10: Montana | B10: 31.22 | C10: 21.98 | D10: 42.64 | E10: 32.73 | F10: 23.09 | G10: 41.11 | H10: 34.58 | I10: 23.62 | J10: 43.03 | K10: =((E10-B10)/B10)*100 -> 4.8366432 | L10: =((H10-E10)/E10)*100 -> 5.6523068 | M10: =((H10-B10)/B10)*100 -> 10.762332 | N10: =((J10-D10)/D10)*100 -> 0.91463415 | O10: =((I10-C10)/C10)*100 -> 7.4613285 | P10: =(H10/B10)^(1/2) - 1 -> 0.052436848
A11: New Jersey | B11: 37.76 | C11: 20.63 | D11: 61.32 | E11: 38.51 | F11: 18.49 | G11: 62.11 | H11: 41.68 | I11: 23.35 | J11: 62.91 | K11: =((E11-B11)/B11)*100 -> 1.9862288 | L11: =((H11-E11)/E11)*100 -> 8.2316281 | M11: =((H11-B11)/B11)*100 -> 10.381356 | N11: =((J11-D11)/D11)*100 -> 2.592955 | O11: =((I11-C11)/C11)*100 -> 13.184682 | P11: =(H11/B11)^(1/2) - 1 -> 0.050625318
A12: Nevada | B12: 33 | C12: 20.56 | D12: 54.29 | E12: 34.67 | F12: 21.72 | G12: 54.99 | H12: 36.4 | I12: 22.17 | J12: 58.27 | K12: =((E12-B12)/B12)*100 -> 5.0606061 | L12: =((H12-E12)/E12)*100 -> 4.9899048 | M12: =((H12-B12)/B12)*100 -> 10.30303 | N12: =((J12-D12)/D12)*100 -> 7.3310002 | O12: =((I12-C12)/C12)*100 -> 7.8307393 | P12: =(H12/B12)^(1/2) - 1 -> 0.050252495
A13: Tennessee | B13: 27.74 | C13: 17.68 | D13: 38.66 | E13: 28.62 | F13: 18.44 | G13: 38.85 | H13: 30.55 | I13: 19.04 | J13: 44.31 | K13: =((E13-B13)/B13)*100 -> 3.1723143 | L13: =((H13-E13)/E13)*100 -> 6.743536 | M13: =((H13-B13)/B13)*100 -> 10.129777 | N13: =((J13-D13)/D13)*100 -> 14.614589 | O13: =((I13-C13)/C13)*100 -> 7.6923077 | P13: =(H13/B13)^(1/2) - 1 -> 0.049427351
A14: Wyoming | B14: 32.69 | C14: 19.48 | D14: 48.54 | E14: 34.74 | F14: 23.06 | G14: 50.65 | H14: 35.99 | I14: 23.19 | J14: 50 | K14: =((E14-B14)/B14)*100 -> 6.2710309 | L14: =((H14-E14)/E14)*100 -> 3.5981577 | M14: =((H14-B14)/B14)*100 -> 10.09483 | N14: =((J14-D14)/D14)*100 -> 3.0078286 | O14: =((I14-C14)/C14)*100 -> 19.045175 | P14: =(H14/B14)^(1/2) - 1 -> 0.049260836
... A52: North Dakota | B52: 35.02 | C52: 20.77 | D52: 48.44 | E52: 33.81 | F52: 19.15 | G52: 48.75 | H52: 33.87 | I52: 22.33 | J52: 48.57 | K52: =((E52-B52)/B52)*100 -> -3.4551685 | L52: =((H52-E52)/E52)*100 -> 0.17746229 | M52: =((H52-B52)/B52)*100 -> -3.2838378 | N52: =((J52-D52)/D52)*100 -> 0.26837325 | O52: =((I52-C52)/C52)*100 -> 7.5108329 | P52: =(H52/B52)^(1/2) - 1 -> -0.016556244

Sheet Avg-Med Growth Delta
A1: State | B1: Average-vs-median Growth Delta | C1: % Change in Employment | D1: Correlation | E1: Correlation (minus VT)
A2: Vermont | B2: =VLOOKUP(A2, '% Change in Median Hourly Wages'!A:E, 5, FALSE) -VLOOKUP(A2, '% Change in Avg Hourly Wages'!A:M, 13, FALSE) -> -18.929717 | C2: 2.4193548 | D2: =CORREL(B2:B51,C2:C51) -> -0.063694824 | E2: =CORREL(B3:B51,C3:C51) -> -0.11457151
A3: North Dakota | B3: =VLOOKUP(A3, '% Change in Median Hourly Wages'!A:E, 5, FALSE) -VLOOKUP(A3, '% Change in Avg Hourly Wages'!A:M, 13, FALSE) -> -10.404687 | C3: 12.264151
A4: Arizona | B4: =VLOOKUP(A4, '% Change in Median Hourly Wages'!A:E, 5, FALSE) -VLOOKUP(A4, '% Change in Avg Hourly Wages'!A:M, 13, FALSE) -> -7.0530574 | C4: 19.84127
A5: Arkansas | B5: =VLOOKUP(A5, '% Change in Median Hourly Wages'!A:E, 5, FALSE) -VLOOKUP(A5, '% Change in Avg Hourly Wages'!A:M, 13, FALSE) -> -6.1922825 | C5: -1.9607843
A6: Utah | B6: =VLOOKUP(A6, '% Change in Median Hourly Wages'!A:E, 5, FALSE) -VLOOKUP(A6, '% Change in Avg Hourly Wages'!A:M, 13, FALSE) -> -5.7157178 | C6: 0.88105727
A7: New Hampshire | B7: =VLOOKUP(A7, '% Change in Median Hourly Wages'!A:E, 5, FALSE) -VLOOKUP(A7, '% Change in Avg Hourly Wages'!A:M, 13, FALSE) -> -5.7019506 | C7: -3.4782609
A8: Delaware | B8: =VLOOKUP(A8, '% Change in Median Hourly Wages'!A:E, 5, FALSE) -VLOOKUP(A8, '% Change in Avg Hourly Wages'!A:M, 13, FALSE) -> -5.5223607 | C8: -6.6115702
A9: Nebraska | B9: =VLOOKUP(A9, '% Change in Median Hourly Wages'!A:E, 5, FALSE) -VLOOKUP(A9, '% Change in Avg Hourly Wages'!A:M, 13, FALSE) -> -4.8553392 | C9: 4.5454545
A10: Ohio | B10: =VLOOKUP(A10, '% Change in Median Hourly Wages'!A:E, 5, FALSE) -VLOOKUP(A10, '% Change in Avg Hourly Wages'!A:M, 13, FALSE) -> -4.8149873 | C10: 18.501842
A11: Connecticut | B11: =VLOOKUP(A11, '% Change in Median Hourly Wages'!A:E, 5, FALSE) -VLOOKUP(A11, '% Change in Avg Hourly Wages'!A:M, 13, FALSE) -> -3.7107343 | C11: 6.6390041
A12: Louisiana | B12: =VLOOKUP(A12, '% Change in Median Hourly Wages'!A:E, 5, FALSE) -VLOOKUP(A12, '% Change in Avg Hourly Wages'!A:M, 13, FALSE) -> -3.6712773 | C12: -4.954955
A13: California | B13: =VLOOKUP(A13, '% Change in Median Hourly Wages'!A:E, 5, FALSE) -VLOOKUP(A13, '% Change in Avg Hourly Wages'!A:M, 13, FALSE) -> -3.5166328 | C13: 0.59001098
A14: Iowa | B14: =VLOOKUP(A14, '% Change in Median Hourly Wages'!A:E, 5, FALSE) -VLOOKUP(A14, '% Change in Avg Hourly Wages'!A:M, 13, FALSE) -> -3.4324877 | C14: 38.389262
... A51: Nevada | B51: =VLOOKUP(A51, '% Change in Median Hourly Wages'!A:E, 5, FALSE) -VLOOKUP(A51, '% Change in Avg Hourly Wages'!A:M, 13, FALSE) -> 11.368796 | C51: -0.23894863

Sheet Highest Avg-Median Gap YoY
A1: 2023 | C1: 2024 | E1: 2025
A2: State | B2: Avg-Median Gap (% of Median) | C2: State | D2: Avg-Median Gap (% of Median) | E2: State | F2: Avg-Median Gap (% of Median)
A3: New Jersey | B3: 15.086864 | C3: Pennsylvania | D3: 12.40458 | E3: Vermont | F3: 15.677271
A4: Nevada | B4: 13.519092 | C4: California | D4: 12.065217 | E4: California | F4: 12.725287
A5: Idaho | B5: 12.020245 | C5: Nevada | D5: 11.050609 | E5: New Jersey | F5: 12.224017
A6: Pennsylvania | B6: 11.269389 | C6: Maryland | D6: 10.26616 | E6: Pennsylvania | F6: 12.092308
A7: Maryland | B7: 9.6369637 | C7: New Jersey | D7: 9.5902106 | E7: Delaware | F7: 11.067581
A8: California | B8: 8.8322148 | C8: Virginia | D8: 8.1363943 | E8: Missouri | F8: 10.556439
A9: Missouri | B9: 8.336101 | C9: Delaware | D9: 7.7939234 | E9: Arkansas | F9: 8.9868588
A10: Washington | B10: 8.0375254 | C10: New York | D10: 7.5993555 | E10: Virginia | F10: 7.8703704
A11: New York | B11: 7.8968574 | C11: Alabama | D11: 7.5 | E11: New York | F11: 7.7654517
A12: Virginia | B12: 7.3103448 | C12: Arkansas | D12: 6.9444444 | E12: North Dakota | F12: 7.2174739

Sheet Total Employment vs Wages
B1: 2023 | D1: 2024 | F1: 2025
A2: State | B2: Total Employment | C2: Average Hourly Wage | D2: Total Employment | E2: Average Hourly Wage | F2: Total Employment | G2: Average Hourly Wage | H2: % Change in Employment | I2: % change Wages (2023 - > 2025) | J2: Correlation | K2: Correlation (minus VT)
A3: Vermont | B3: 1240 | C3: 27.02 | D3: 1410 | E3: 29.43 | F3: 1270 | G3: 35.27 | H3: =((F3-B3)/B3)*100 -> 2.4193548 | I3: 30.532939 | J3: =correl(H3:H52, I3:I52) -> -0.18310856 | K3: =correl(H4:H52, I4:I52) -> -0.17339033
A4: Idaho | B4: 5050 | C4: 26.56 | D4: 5380 | E4: 29.89 | F4: 5690 | G4: 32.02 | H4: =((F4-B4)/B4)*100 -> 12.673267 | I4: 20.557229
A5: Maine | B5: 3380 | C5: 31.21 | D5: 3320 | E5: 34.36 | F5: 3780 | G5: 37.14 | H5: =((F5-B5)/B5)*100 -> 11.83432 | I5: 19.00032
A6: Oregon | B6: 9260 | C6: 41.03 | D6: 9830 | E6: 44.21 | F6: 10590 | G6: 47.96 | H6: =((F6-B6)/B6)*100 -> 14.362851 | I6: 16.89008
A7: Connecticut | B7: 7230 | C7: 33.18 | D7: 7570 | E7: 35.66 | F7: 7710 | G7: 37.21 | H7: =((F7-B7)/B7)*100 -> 6.6390041 | I7: 12.145871
A8: Michigan | B8: 24240 | C8: 31.67 | D8: 24670 | E8: 34.17 | F8: 23530 | G8: 35.5 | H8: =((F8-B8)/B8)*100 -> -2.9290429 | I8: 12.093464
A9: Kansas | B9: 5820 | C9: 29.85 | D9: 5640 | E9: 31.48 | F9: 6350 | G9: 33.27 | H9: =((F9-B9)/B9)*100 -> 9.1065292 | I9: 11.457286
A10: Montana | B10: 2890 | C10: 31.22 | D10: 2830 | E10: 32.73 | F10: 2750 | G10: 34.58 | H10: =((F10-B10)/B10)*100 -> -4.8442907 | I10: 10.762332
A11: New Jersey | B11: 14350 | C11: 37.76 | D11: 15230 | E11: 38.51 | F11: 13520 | G11: 41.68 | H11: =((F11-B11)/B11)*100 -> -5.7839721 | I11: 10.381356
A12: Nevada | B12: 8370 | C12: 33 | D12: 8570 | E12: 34.67 | F12: 8350 | G12: 36.4 | H12: =((F12-B12)/B12)*100 -> -0.23894863 | I12: 10.30303
A13: Tennessee | B13: 17200 | C13: 27.74 | D13: 19500 | E13: 28.62 | F13: 17070 | G13: 30.55 | H13: =((F13-B13)/B13)*100 -> -0.75581395 | I13: 10.129776
A14: Wyoming | B14: 2370 | C14: 32.69 | D14: 2710 | E14: 34.74 | F14: 2960 | G14: 35.99 | H14: =((F14-B14)/B14)*100 -> 24.894515 | I14: 10.09483
A15: Florida | B15: 46690 | C15: 25.18 | D15: 47980 | E15: 26.68 | F15: 49700 | G15: 27.72 | H15: =((F15-B15)/B15)*100 -> 6.4467766 | I15: 10.087371
... A52: North Dakota | B52: 3180 | C52: 35.02 | D52: 3150 | E52: 33.81 | F52: 3570 | G52: 33.87 | H52: =((F52-B52)/B52)*100 -> 12.264151 | I52: -3.2838378

Sheet Electrician Density vs Wages
B1: 2023 | D1: 2024 | F1: 2025
A2: State | B2: Electricians per 1000 Total Jobs | C2: Average Hourly Wage | D2: Electricians per 1000 Total Jobs | E2: Average Hourly Wage | F2: Electricians per 1000 Total Jobs | G2: Average Hourly Wage | H2: % Change in Electrician Density | I2: % change Wages (2023 - > 2025) | J2: Correlation | K2: Correlation (minus VT)
A3: Vermont | B3: 4.129 | C3: 27.02 | D3: 4.638 | E3: 29.43 | F3: 4.172 | G3: 35.27 | H3: =((F3-B3)/B3)*100 -> 1.0414144 | I3: =((G3-C3)/C3)*100 -> 30.532939 | J3: =correl(H3:H52, I3:I52) -> -0.19915799 | K3: =correl(H4:H53, I4:I53) -> -0.20456279
A4: Idaho | B4: 6.138 | C4: 26.56 | D4: 6.373 | E4: 29.89 | F4: 6.641 | G4: 32.02 | H4: =((F4-B4)/B4)*100 -> 8.1948517 | I4: =((G4-C4)/C4)*100 -> 20.557229
A5: Maine | B5: 5.44 | C5: 31.21 | D5: 5.224 | E5: 34.36 | F5: 5.894 | G5: 37.14 | H5: =((F5-B5)/B5)*100 -> 8.3455882 | I5: =((G5-C5)/C5)*100 -> 19.00032
A6: Oregon | B6: 4.767 | C6: 41.03 | D6: 5 | E6: 44.21 | F6: 5.383 | G6: 47.96 | H6: =((F6-B6)/B6)*100 -> 12.922173 | I6: =((G6-C6)/C6)*100 -> 16.89008
A7: Connecticut | B7: 4.354 | C7: 33.18 | D7: 4.5 | E7: 35.66 | F7: 4.546 | G7: 37.21 | H7: =((F7-B7)/B7)*100 -> 4.4097382 | I7: =((G7-C7)/C7)*100 -> 12.145871
A8: Michigan | B8: 5.576 | C8: 31.67 | D8: 5.618 | E8: 34.17 | F8: 5.343 | G8: 35.5 | H8: =((F8-B8)/B8)*100 -> -4.1786227 | I8: =((G8-C8)/C8)*100 -> 12.093464
A9: Kansas | B9: 4.122 | C9: 29.85 | D9: 3.941 | E9: 31.48 | F9: 4.418 | G9: 33.27 | H9: =((F9-B9)/B9)*100 -> 7.1809801 | I9: =((G9-C9)/C9)*100 -> 11.457286
A10: Montana | B10: 5.766 | C10: 31.22 | D10: 5.543 | E10: 32.73 | F10: 5.366 | G10: 34.58 | H10: =((F10-B10)/B10)*100 -> -6.9372182 | I10: =((G10-C10)/C10)*100 -> 10.762332
A11: New Jersey | B11: 3.416 | C11: 37.76 | D11: 3.583 | E11: 38.51 | F11: 3.154 | G11: 41.68 | H11: =((F11-B11)/B11)*100 -> -7.6697892 | I11: =((G11-C11)/C11)*100 -> 10.381356
A12: Nevada | B12: 5.652 | C12: 33 | D12: 5.601 | E12: 34.67 | F12: 5.381 | G12: 36.4 | H12: =((F12-B12)/B12)*100 -> -4.7947629 | I12: =((G12-C12)/C12)*100 -> 10.30303
A13: Tennessee | B13: 5.342 | C13: 27.74 | D13: 5.956 | E13: 28.62 | F13: 5.207 | G13: 30.55 | H13: =((F13-B13)/B13)*100 -> -2.5271434 | I13: =((G13-C13)/C13)*100 -> 10.129777
A14: Wyoming | B14: 8.672 | C14: 32.69 | D14: 9.737 | E14: 34.74 | F14: 10.537 | G14: 35.99 | H14: =((F14-B14)/B14)*100 -> 21.505996 | I14: =((G14-C14)/C14)*100 -> 10.09483
A15: Florida | B15: 4.88 | C15: 25.18 | D15: 4.886 | E15: 26.68 | F15: 5.005 | G15: 27.72 | H15: =((F15-B15)/B15)*100 -> 2.5614754 | I15: =((G15-C15)/C15)*100 -> 10.087371
... A52: North Dakota | B52: 7.614 | C52: 35.02 | D52: 7.417 | E52: 33.81 | F52: 8.306 | G52: 33.87 | H52: =((F52-B52)/B52)*100 -> 9.0885211 | I52: =((G52-C52)/C52)*100 -> -3.2838378

Sheet Negative Avg-Median Gap YoY
A1: 2023 | E1: 2024 | I1: 2025
A2: State | B2: Avg-Median Gap (% of Median) | C2: Total Employment | D2: % error in Avg Hourly Wage | E2: State | F2: Avg-Median Gap (% of Median) | G2: Total Employment | H2: % error in Avg Hourly Wage | I2: State | J2: Avg-Median Gap (% of Median) | K2: Total Employment | L2: % error in Avg Hourly Wage
A3: Illinois | B3: -7.4146982 | C3: 21890 | D3: 1.5 | E3: Illinois | F3: -7.4465789 | G3: 22880 | H3: 1.5 | I3: Illinois | J3: -7.3741383 | K3: 23120 | L3: 1.5
A4: Hawaii | B4: -4.8217089 | C4: 3300 | D4: 1.7 | E4: Oregon | F4: -5.5139987 | G4: 9830 | H4: 1.1 | I4: Montana | J4: -6.2872629 | K4: 2750 | L4: 1.5
A5: North Dakota | B5: -4.3169399 | C5: 3180 | D5: 2.2 | E5: Mississippi | F5: -4.3557169 | G5: 5650 | H5: 1.2 | I5: Mississippi | J5: -4.7163363 | K5: 6610 | L5: 0.9
A6: Oregon | B6: -3.8659794 | C6: 9260 | D6: 0.8 | E6: Connecticut | F6: -3.4127844 | G6: 7570 | H6: 1.7 | I6: Hawaii | J6: -3.7300561 | K6: 3070 | L6: 3.1
A7: Connecticut | B7: -3.4904014 | C7: 7230 | D7: 1.5 | E7: Wisconsin | F7: -3.1024931 | G7: 12630 | H7: 1.1 | I7: Wisconsin | J7: -3.5597826 | K7: 14310 | L7: 1
A8: Wisconsin | B8: -3.4550014 | C8: 11630 | D8: 1.1 | E8: Washington | F8: -2.7795734 | G8: 18380 | H8: 1.3 | I8: Michigan | J8: -3.190619 | K8: 23530 | L8: 1.7
A9: Mississippi | B9: -2.734375 | C9: 5040 | D9: 1.3 | E9: Michigan | F9: -2.2037779 | G9: 24670 | H9: 1.8 | I9: Wyoming | J9: -1.6397923 | K9: 2960 | L9: 1.6
A10: Louisiana | B10: -2.1411021 | C10: 11100 | D10: 0.9 | E10: Wyoming | F10: -1.6142736 | G10: 2710 | H10: 1.7 | I10: Oregon | J10: -1.5397249 | K10: 10590 | L10: 0.9
A11: Arizona | B11: -1.6861666 | C11: 17640 | D11: 1.1 | E11: South Dakota | F11: -1.5275311 | G11: 2790 | H11: 1 | I11: Washington | J11: -0.78636959 | K11: 19380 | L11: 1.6
A12: South Dakota | B12: -1.6570605 | C12: 2650 | D12: 1 | E12: Montana | F12: -1.2967431 | G12: 2830 | H12: 1 | I12: Connecticut | J12: -0.18776824 | K12: 7710 | L12: 2.8
A13: Vermont | B13: -1.0980966 | C13: 1240 | D13: 1.1 | E13: Louisiana | F13: -0.10471204 | G13: 10810 | H13: 1
A14: New Hampshire | B14: -0.81466395 | C14: 3450 | D14: 2
A15: Utah | B15: -0.2084057 | C15: 11350 | D15: 1.2
